Arquivo,Gabarito,Predicao_Raw,Predicao_Fuzzy,Levenshtein_Raw,Levenshtein_Fuzzy,Similaridade_Raw,Similaridade_Fuzzy,CER_Raw,CER_Fuzzy,WER_Raw,WER_Fuzzy,Accuracy_Raw,Accuracy80_Raw,Accuracy_Fuzzy,Accuracy80_Fuzzy,Tempo_Inferencia
P0266.jpg,monfast,,,7,7,0.0,0.0,1.0,1.0,1.0,1.0,0.0,0.0,0.0,0.0,0.7158474922180176
P0102.jpg,rosu,rosu,rosu,0,0,1.0,1.0,0.0,0.0,0.0,0.0,1.0,1.0,1.0,1.0,3.1588382720947266
P1046.jpg,nameton,namefon,namefon,1,1,0.8571428571428572,0.8571428571428572,0.14285714285714285,0.14285714285714285,1.0,1.0,0.0,1.0,0.0,1.0,2.844179391860962
P0793.jpg,epitra,noxummups,nexum mups,9,9,0.1333333333333333,0.25,1.5,1.5,1.0,2.0,0.0,0.0,0.0,0.0,2.859096050262451
P0903.jpg,ac pr,aur,nabu,3,5,0.5,0.2222222222222222,0.6,1.0,1.0,1.0,0.0,0.0,0.0,0.0,3.020128011703491
P0468.jpg,coralcal,comsri1,comprid,6,6,0.4,0.4,0.75,0.75,1.0,1.0,0.0,0.0,0.0,0.0,2.909198760986328
P0782.jpg,lecor,lecor,lecor,0,0,1.0,1.0,0.0,0.0,0.0,0.0,1.0,1.0,1.0,1.0,2.8954274654388428
P0307.jpg,spilac,spilac,spilac,0,0,1.0,1.0,0.0,0.0,0.0,0.0,1.0,1.0,1.0,1.0,2.9067299365997314
P0129.jpg,montelon,,,8,8,0.0,0.0,1.0,1.0,1.0,1.0,0.0,0.0,0.0,0.0,0.3974134922027588
P0333.jpg,rodiflex,radiffen,radiflex,3,1,0.625,0.875,0.375,0.125,1.0,1.0,0.0,0.0,0.0,1.0,2.6543805599212646
P1088.jpg,folive,folve,folive,1,0,0.9090909090909091,1.0,0.16666666666666666,0.0,1.0,0.0,0.0,1.0,1.0,1.0,2.6209628582000732
P0089.jpg,myolax,myolax,myolax,0,0,1.0,1.0,0.0,0.0,0.0,0.0,1.0,1.0,1.0,1.0,2.617687463760376
P0951.jpg,fenix,ferix,ferix-v,1,3,0.8,0.6666666666666667,0.2,0.6,1.0,1.0,0.0,1.0,0.0,0.0,2.6602091789245605
P0478.jpg,gavinaaf,gorinaf,gavinaaf,3,0,0.6666666666666667,1.0,0.375,0.0,1.0,0.0,0.0,0.0,1.0,1.0,2.599832057952881
P0594.jpg,novotril,novotbnil,novonil,2,2,0.8235294117647058,0.8,0.25,0.25,1.0,1.0,0.0,1.0,0.0,1.0,2.6164073944091797
P0973.jpg,nystat,nystat,nystat,0,0,1.0,1.0,0.0,0.0,0.0,0.0,1.0,1.0,1.0,1.0,2.735828399658203
P1041.jpg,prolix,probs,rbs,3,5,0.5454545454545454,0.2222222222222222,0.5,0.8333333333333334,1.0,1.0,0.0,0.0,0.0,0.0,3.0284793376922607
P0045.jpg,???,doxy(ap,doxycap,7,7,0.0,0.0,2.3333333333333335,2.3333333333333335,1.0,1.0,0.0,0.0,0.0,0.0,2.888486862182617
P0275.jpg,dexter,dextac,dextac,2,2,0.6666666666666667,0.6666666666666667,0.3333333333333333,0.3333333333333333,1.0,1.0,0.0,0.0,0.0,0.0,2.784238576889038
P0276.jpg,emprelina,empalina,emprelina,2,0,0.8235294117647058,1.0,0.2222222222222222,0.0,1.0,0.0,0.0,1.0,1.0,1.0,2.863898992538452
P0110.jpg,emep,emep,emep,0,0,1.0,1.0,0.0,0.0,0.0,0.0,1.0,1.0,1.0,1.0,2.9638237953186035
P0114.jpg,klobid,klabid,klabid,1,1,0.8333333333333334,0.8333333333333334,0.16666666666666666,0.16666666666666666,1.0,1.0,0.0,1.0,0.0,1.0,2.8752074241638184
P0831.jpg,epitra,epitra,epitra,0,0,1.0,1.0,0.0,0.0,0.0,0.0,1.0,1.0,1.0,1.0,2.895498037338257
P0057.jpg,rupin,sulhlin,ansulin,4,4,0.5,0.5,0.8,0.8,1.0,1.0,0.0,0.0,0.0,0.0,2.8142762184143066
P0546.jpg,esonix,fomis,dominos,4,6,0.36363636363636365,0.3076923076923077,0.6666666666666666,1.0,1.0,1.0,0.0,0.0,0.0,0.0,2.8432493209838867
P0783.jpg,a-fun,afun,a-fun,1,0,0.8888888888888888,1.0,0.2,0.0,1.0,0.0,0.0,1.0,1.0,1.0,2.8377561569213867
P1067.jpg,zithrox,zithroy,zithrox,1,0,0.8571428571428572,1.0,0.14285714285714285,0.0,1.0,0.0,0.0,1.0,1.0,1.0,2.8249032497406006
P0825.jpg,neuro,neuro,neuro,0,0,1.0,1.0,0.0,0.0,0.0,0.0,1.0,1.0,1.0,1.0,2.8086013793945312
P0895.jpg,folzin,folzin,folzin,0,0,1.0,1.0,0.0,0.0,0.0,0.0,1.0,1.0,1.0,1.0,2.83416485786438
P0290.jpg,voltalin,voltalih,voltalin,1,0,0.875,1.0,0.125,0.0,1.0,0.0,0.0,1.0,1.0,1.0,2.9078452587127686
P0382.jpg,fylox,eylox,eylox,1,1,0.8,0.8,0.2,0.2,1.0,1.0,0.0,1.0,0.0,1.0,2.9108314514160156
P0595.jpg,voltalin,voltaulih,voltalin,2,0,0.8235294117647058,1.0,0.25,0.0,1.0,0.0,0.0,1.0,1.0,1.0,2.8470027446746826
P0293.jpg,xinc b,xines,xinc,3,2,0.5454545454545454,0.8,0.5,0.3333333333333333,1.0,0.5,0.0,0.0,0.0,1.0,2.842067241668701
P0897.jpg,algin,algin,algin,0,0,1.0,1.0,0.0,0.0,0.0,0.0,1.0,1.0,1.0,1.0,2.835050344467163
P0602.jpg,escilex,esglex5,eslilex 5,3,3,0.7142857142857143,0.75,0.42857142857142855,0.42857142857142855,1.0,2.0,0.0,0.0,0.0,0.0,2.8422393798828125
P0087.jpg,etorix,etorix,etorix,0,0,1.0,1.0,0.0,0.0,0.0,0.0,1.0,1.0,1.0,1.0,2.8317742347717285
P0936.jpg,folzin,folzin,folzin,0,0,1.0,1.0,0.0,0.0,0.0,0.0,1.0,1.0,1.0,1.0,2.8135790824890137
P0843.jpg,ointment,ointrunt,ointment,2,0,0.75,1.0,0.25,0.0,1.0,0.0,0.0,0.0,1.0,1.0,2.9126906394958496
P0728.jpg,enq,enq,enq,0,0,1.0,1.0,0.0,0.0,0.0,0.0,1.0,1.0,1.0,1.0,2.838934898376465
P1020.jpg,viglimet,vigflimet,vigfimet,1,1,0.9411764705882353,0.875,0.125,0.125,1.0,1.0,0.0,1.0,0.0,1.0,2.8983089923858643
P0320.jpg,vonocab,vonocab,vonocab,0,0,1.0,1.0,0.0,0.0,0.0,0.0,1.0,1.0,1.0,1.0,2.8568193912506104
P0849.jpg,dekalin,dekalin,dekalin,0,0,1.0,1.0,0.0,0.0,0.0,0.0,1.0,1.0,1.0,1.0,2.8758132457733154
P1109.jpg,gestrenol,gerfrenol,geotrenol,2,1,0.7777777777777778,0.8888888888888888,0.2222222222222222,0.1111111111111111,1.0,1.0,0.0,0.0,0.0,1.0,2.867074966430664
P0495.jpg,nexe,nexe,nexe,0,0,1.0,1.0,0.0,0.0,0.0,0.0,1.0,1.0,1.0,1.0,2.857628583908081
P0701.jpg,terbikill,terbilill,terbikill,1,0,0.8888888888888888,1.0,0.1111111111111111,0.0,1.0,0.0,0.0,1.0,1.0,1.0,2.8028182983398438
P0766.jpg,revarol,revalol,revarol,1,0,0.8571428571428572,1.0,0.14285714285714285,0.0,1.0,0.0,0.0,1.0,1.0,1.0,2.77935528755188
P0815.jpg,revatol,revatol,revatol,0,0,1.0,1.0,0.0,0.0,0.0,0.0,1.0,1.0,1.0,1.0,2.760004997253418
P1029.jpg,drise,drise,drise,0,0,1.0,1.0,0.0,0.0,0.0,0.0,1.0,1.0,1.0,1.0,2.7512989044189453
P0097.jpg,povital,povital,povital,0,0,1.0,1.0,0.0,0.0,0.0,0.0,1.0,1.0,1.0,1.0,2.7578258514404297
P1070.jpg,fenadin,fenalw,renal,3,4,0.6153846153846154,0.5,0.42857142857142855,0.5714285714285714,1.0,1.0,0.0,0.0,0.0,0.0,2.7971389293670654
P0221.jpg,elodep 5,elodep 5,elodep 5,0,0,1.0,1.0,0.0,0.0,0.0,0.0,1.0,1.0,1.0,1.0,2.6769609451293945
P0529.jpg,bilaxe,bilaxe,bilaxe,0,0,1.0,1.0,0.0,0.0,0.0,0.0,1.0,1.0,1.0,1.0,2.7400569915771484
P0452.jpg,esohil,esohil,esohil,0,0,1.0,1.0,0.0,0.0,0.0,0.0,1.0,1.0,1.0,1.0,2.6418042182922363
P0297.jpg,nexe,nexe,nexe,0,0,1.0,1.0,0.0,0.0,0.0,0.0,1.0,1.0,1.0,1.0,2.6758899688720703
P0052.jpg,losectil,vasco,vasco,6,6,0.3076923076923077,0.3076923076923077,0.75,0.75,1.0,1.0,0.0,0.0,0.0,0.0,2.6698901653289795
P0381.jpg,vonocab,vonocab,vonocab,0,0,1.0,1.0,0.0,0.0,0.0,0.0,1.0,1.0,1.0,1.0,2.6321916580200195
P0597.jpg,pantonix,pantrixo,pantonix,3,0,0.75,1.0,0.375,0.0,1.0,0.0,0.0,0.0,1.0,1.0,2.6769168376922607
P0071.jpg,etorix,inderen ((10),inderen,12,6,0.21052631578947367,0.3076923076923077,2.0,1.0,2.0,1.0,0.0,0.0,0.0,0.0,2.798985719680786
P0984.jpg,finix,fimx,fimix,2,1,0.6666666666666667,0.8,0.4,0.2,1.0,1.0,0.0,0.0,0.0,1.0,2.6581637859344482
P0355.jpg,sponocid,spimnared,solupred,5,6,0.47058823529411764,0.375,0.625,0.75,1.0,1.0,0.0,0.0,0.0,0.0,3.0255520343780518
P0219.jpg,cor algen-d,corriyeou-d,orinou-d,6,7,0.5454545454545454,0.5263157894736843,0.5454545454545454,0.6363636363636364,1.0,1.0,0.0,0.0,0.0,0.0,3.019127130508423
P0366.jpg,prestel,prestel,prestel,0,0,1.0,1.0,0.0,0.0,0.0,0.0,1.0,1.0,1.0,1.0,3.0626847743988037
P0742.jpg,esprazo,bsprato,esprazo,2,0,0.7142857142857143,1.0,0.2857142857142857,0.0,1.0,0.0,0.0,0.0,1.0,1.0,2.86523699760437
P0799.jpg,desolon,derolon,derolon,1,1,0.8571428571428572,0.8571428571428572,0.14285714285714285,0.14285714285714285,1.0,1.0,0.0,1.0,0.0,1.0,2.714989423751831
P0540.jpg,nexe,nexe,nexe,0,0,1.0,1.0,0.0,0.0,0.0,0.0,1.0,1.0,1.0,1.0,2.642042398452759
P0622.jpg,m-kast,m-lucan,malucan,5,6,0.46153846153846156,0.3076923076923077,0.8333333333333334,1.0,1.0,1.0,0.0,0.0,0.0,0.0,2.65317440032959
P0678.jpg,denixil,duixil,deixil,2,1,0.7692307692307692,0.9230769230769231,0.2857142857142857,0.14285714285714285,1.0,1.0,0.0,0.0,0.0,1.0,2.7236289978027344
P0875.jpg,calboral,calboral,calboral,0,0,1.0,1.0,0.0,0.0,0.0,0.0,1.0,1.0,1.0,1.0,2.805593967437744
P0211.jpg,clavutil,clavutil,clavutil,0,0,1.0,1.0,0.0,0.0,0.0,0.0,1.0,1.0,1.0,1.0,2.7947776317596436
P0429.jpg,ocof,ocof,ocof,0,0,1.0,1.0,0.0,0.0,0.0,0.0,1.0,1.0,1.0,1.0,2.703986644744873
P0356.jpg,texit,texit,texit,0,0,1.0,1.0,0.0,0.0,0.0,0.0,1.0,1.0,1.0,1.0,2.7245264053344727
P0368.jpg,flamex,flamx,flamex,1,0,0.9090909090909091,1.0,0.16666666666666666,0.0,1.0,0.0,0.0,1.0,1.0,1.0,2.7157890796661377
P0904.jpg,seclo,seclo,seclo,0,0,1.0,1.0,0.0,0.0,0.0,0.0,1.0,1.0,1.0,1.0,2.7798779010772705
P0811.jpg,neuro,neuro,neuro,0,0,1.0,1.0,0.0,0.0,0.0,0.0,1.0,1.0,1.0,1.0,2.697077751159668
P0032.jpg,myosit,medroaxy,medroxy,6,6,0.2857142857142857,0.3076923076923077,1.0,1.0,1.0,1.0,0.0,0.0,0.0,0.0,2.73979115486145
P0582.jpg,telmacal,,,8,8,0.0,0.0,1.0,1.0,1.0,1.0,0.0,0.0,0.0,0.0,0.40416932106018066
P0963.jpg,cantilid,canbilid,cantilid,1,0,0.875,1.0,0.125,0.0,1.0,0.0,0.0,1.0,1.0,1.0,2.8438031673431396
P1097.jpg,zimax,relentm,relenten,7,8,0.16666666666666663,0.0,1.4,1.6,1.0,1.0,0.0,0.0,0.0,0.0,2.8845784664154053
P0983.jpg,paloxi,pelox,lelox,2,3,0.7272727272727273,0.5454545454545454,0.3333333333333333,0.5,1.0,1.0,0.0,0.0,0.0,0.0,2.8443710803985596
P0232.jpg,sup. apelz,syp. apet12,sup. apelz,4,0,0.6666666666666667,1.0,0.4,0.0,1.0,0.0,0.0,0.0,1.0,1.0,2.7805564403533936
P0436.jpg,bilau,bilau,bilau,0,0,1.0,1.0,0.0,0.0,0.0,0.0,1.0,1.0,1.0,1.0,2.7541980743408203
P0347.jpg,napxon,napxon,napxon,0,0,1.0,1.0,0.0,0.0,0.0,0.0,1.0,1.0,1.0,1.0,2.8750033378601074
P0526.jpg,feup,feup,feup,0,0,1.0,1.0,0.0,0.0,0.0,0.0,1.0,1.0,1.0,1.0,2.9079830646514893
P0812.jpg,linax,limgo,migo,3,4,0.4,0.2222222222222222,0.6,0.8,1.0,1.0,0.0,0.0,0.0,0.0,3.118037462234497
P0988.jpg,sergel,sergel,sergel,0,0,1.0,1.0,0.0,0.0,0.0,0.0,1.0,1.0,1.0,1.0,3.1065127849578857
P0881.jpg,neuro b,neuro-s,neuro,2,2,0.7142857142857143,0.8333333333333334,0.2857142857142857,0.2857142857142857,1.0,0.5,0.0,0.0,0.0,1.0,3.06014347076416
P0530.jpg,airmont,airmont,airmont,0,0,1.0,1.0,0.0,0.0,0.0,0.0,1.0,1.0,1.0,1.0,2.90027117729187
P0209.jpg,limtab,limtab,limtab,0,0,1.0,1.0,0.0,0.0,0.0,0.0,1.0,1.0,1.0,1.0,2.887706756591797
P0362.jpg,nexe,nexe,nexe,0,0,1.0,1.0,0.0,0.0,0.0,0.0,1.0,1.0,1.0,1.0,2.931715965270996
P0845.jpg,fungidal,fungidal,fungidal,0,0,1.0,1.0,0.0,0.0,0.0,0.0,1.0,1.0,1.0,1.0,2.964479923248291
P0319.jpg,mixit,mixit,mixit,0,0,1.0,1.0,0.0,0.0,0.0,0.0,1.0,1.0,1.0,1.0,2.914470672607422
P0324.jpg,ezytake,ezytake,ezytake,0,0,1.0,1.0,0.0,0.0,0.0,0.0,1.0,1.0,1.0,1.0,2.9221818447113037
P0993.jpg,bislol,crislol,bislol,2,0,0.7692307692307692,1.0,0.3333333333333333,0.0,1.0,0.0,0.0,0.0,1.0,1.0,2.938934803009033
P0011.jpg,kacin,kacin.,kacin,1,0,0.9090909090909091,1.0,0.2,0.0,1.0,0.0,0.0,1.0,1.0,1.0,2.8557991981506348
P0372.jpg,telmacal,telmacal,telmacal,0,0,1.0,1.0,0.0,0.0,0.0,0.0,1.0,1.0,1.0,1.0,2.803704261779785
P0823.jpg,novelon lite,novelonlife,novelon lite,2,0,0.8695652173913043,1.0,0.16666666666666666,0.0,1.0,0.0,0.0,1.0,1.0,1.0,2.856840133666992
P0399.jpg,dexnaat,dexnal,dextal,2,3,0.7692307692307692,0.6153846153846154,0.2857142857142857,0.42857142857142855,1.0,1.0,0.0,0.0,0.0,0.0,2.8848912715911865
P0193.jpg,nexum mups 20,c:ilp 5,cildip 5,11,11,0.19999999999999996,0.19047619047619047,0.8461538461538461,0.8461538461538461,1.0,1.0,0.0,0.0,0.0,0.0,2.8132286071777344
P0756.jpg,esprazo,esprato,esprazo,1,0,0.8571428571428572,1.0,0.14285714285714285,0.0,1.0,0.0,0.0,1.0,1.0,1.0,2.7966527938842773
P0662.jpg,fexo,fexo,fexo,0,0,1.0,1.0,0.0,0.0,0.0,0.0,1.0,1.0,1.0,1.0,2.809685468673706
P0200.jpg,clavutil,clavutil,clavutil,0,0,1.0,1.0,0.0,0.0,0.0,0.0,1.0,1.0,1.0,1.0,2.7352914810180664
P0142.jpg,xyflo,xyflo,xyflo,0,0,1.0,1.0,0.0,0.0,0.0,0.0,1.0,1.0,1.0,1.0,2.706629991531372
P0555.jpg,seko,seko,seko,0,0,1.0,1.0,0.0,0.0,0.0,0.0,1.0,1.0,1.0,1.0,2.7385196685791016
P0590.jpg,torax,torax,torax,0,0,1.0,1.0,0.0,0.0,0.0,0.0,1.0,1.0,1.0,1.0,2.713071584701538
P1054.jpg,folita 5,folitas,folita 5,2,0,0.8,1.0,0.25,0.0,1.0,0.0,0.0,1.0,1.0,1.0,2.7368404865264893
P0465.jpg,telmiva,temiva,telmiva,1,0,0.9230769230769231,1.0,0.14285714285714285,0.0,1.0,0.0,0.0,1.0,1.0,1.0,2.7199435234069824
P0888.jpg,esprazo,esprazo,esprazo,0,0,1.0,1.0,0.0,0.0,0.0,0.0,1.0,1.0,1.0,1.0,2.718418836593628
P0737.jpg,amlip,dextis,dexin,5,4,0.18181818181818177,0.19999999999999996,1.0,0.8,1.0,1.0,0.0,0.0,0.0,0.0,2.740837335586548
P1021.jpg,emlidus,enlidus,emlidus,1,0,0.8571428571428572,1.0,0.14285714285714285,0.0,1.0,0.0,0.0,1.0,1.0,1.0,2.867016553878784
P0050.jpg,cortan,omep,omep,5,5,0.19999999999999996,0.19999999999999996,0.8333333333333334,0.8333333333333334,1.0,1.0,0.0,0.0,0.0,0.0,3.0832347869873047
P0108.jpg,fixocard,axocared,fixocard,3,0,0.75,1.0,0.375,0.0,1.0,0.0,0.0,0.0,1.0,1.0,3.069410800933838
P0060.jpg,maxpro,visuta60,viset,8,6,0.1428571428571429,0.0,1.3333333333333333,1.0,1.0,1.0,0.0,0.0,0.0,0.0,3.043192148208618
P0437.jpg,trilock,trilocu,trilock,1,0,0.8571428571428572,1.0,0.14285714285714285,0.0,1.0,0.0,0.0,1.0,1.0,1.0,2.72499942779541
P0309.jpg,abicon,abicon,abicon,0,0,1.0,1.0,0.0,0.0,0.0,0.0,1.0,1.0,1.0,1.0,2.722752332687378
P1012.jpg,gaviflux,gavifhurp,gavitfep,3,4,0.7058823529411764,0.625,0.375,0.5,1.0,1.0,0.0,0.0,0.0,0.0,2.726588487625122
P0535.jpg,nexe,nexe,nexe,0,0,1.0,1.0,0.0,0.0,0.0,0.0,1.0,1.0,1.0,1.0,2.706270694732666
P0157.jpg,trilock 10,trilocki0,trilock,2,3,0.8421052631578947,0.8235294117647058,0.2,0.3,1.0,0.5,0.0,1.0,0.0,1.0,2.7419464588165283
P0410.jpg,dexnaaf,dexnanf,dexnaof,1,1,0.8571428571428572,0.8571428571428572,0.14285714285714285,0.14285714285714285,1.0,1.0,0.0,1.0,0.0,1.0,2.8251993656158447
P0139.jpg,scluprud,sdlupred,solupred,2,2,0.75,0.75,0.25,0.25,1.0,1.0,0.0,0.0,0.0,0.0,2.8163418769836426
P0024.jpg,dexter,zimax,zimax,6,6,0.18181818181818177,0.18181818181818177,1.0,1.0,1.0,1.0,0.0,0.0,0.0,0.0,2.7576966285705566
P0479.jpg,rhinomist,rhinomist,rhinomist,0,0,1.0,1.0,0.0,0.0,0.0,0.0,1.0,1.0,1.0,1.0,2.7561943531036377
P0544.jpg,seko,seko,seko,0,0,1.0,1.0,0.0,0.0,0.0,0.0,1.0,1.0,1.0,1.0,2.8542022705078125
P0982.jpg,algin,aliv,uliv,2,3,0.6666666666666667,0.4444444444444444,0.4,0.6,1.0,1.0,0.0,0.0,0.0,0.0,2.798025608062744
P1009.jpg,zymet,zymef,zymef,1,1,0.8,0.8,0.2,0.2,1.0,1.0,0.0,1.0,0.0,1.0,2.79888916015625
P0271.jpg,texit,tenoit,texit,2,0,0.7272727272727273,1.0,0.4,0.0,1.0,0.0,0.0,0.0,1.0,1.0,2.781296491622925
P0291.jpg,bonid,bonid,bonid,0,0,1.0,1.0,0.0,0.0,0.0,0.0,1.0,1.0,1.0,1.0,3.023390054702759
P0784.jpg,neuro,epitru,epitra,5,5,0.36363636363636365,0.36363636363636365,1.0,1.0,1.0,1.0,0.0,0.0,0.0,0.0,2.93701434135437
P0800.jpg,pel. desolan,plu.desolon,desolon,4,6,0.782608695652174,0.631578947368421,0.3333333333333333,0.5,1.0,1.0,0.0,0.0,0.0,0.0,2.7519514560699463
P0084.jpg,vonocab,vonocab,vonocab,0,0,1.0,1.0,0.0,0.0,0.0,0.0,1.0,1.0,1.0,1.0,2.717297315597534
P0466.jpg,furotil,fur=hil,furotil,2,0,0.7142857142857143,1.0,0.2857142857142857,0.0,1.0,0.0,0.0,0.0,1.0,1.0,2.703472137451172
P0244.jpg,bilan,bilay,lubilay,1,3,0.8,0.6666666666666667,0.2,0.6,1.0,1.0,0.0,1.0,0.0,0.0,2.6948235034942627
P0614.jpg,bilan,bilaw,bilan,1,0,0.8,1.0,0.2,0.0,1.0,0.0,0.0,1.0,1.0,1.0,2.691037654876709
P0586.jpg,dexnaaf,dexnal,dextal,2,3,0.7692307692307692,0.6153846153846154,0.2857142857142857,0.42857142857142855,1.0,1.0,0.0,0.0,0.0,0.0,2.7700655460357666
P0729.jpg,setra,schm,asthma,4,4,0.2222222222222222,0.5454545454545454,0.8,0.8,1.0,1.0,0.0,0.0,0.0,0.0,2.7785484790802
P0077.jpg,radifil,biuerd,bonid,7,6,0.3076923076923077,0.16666666666666663,1.0,0.8571428571428571,1.0,1.0,0.0,0.0,0.0,0.0,2.882568359375
P0627.jpg,xyril,xyn'/,xylin,3,2,0.4,0.6,0.6,0.4,1.0,1.0,0.0,0.0,0.0,0.0,2.8425827026367188
P0520.jpg,vonocab,vonocab,vonocab,0,0,1.0,1.0,0.0,0.0,0.0,0.0,1.0,1.0,1.0,1.0,2.790844440460205
P1025.jpg,revocit,revocit,revocit,0,0,1.0,1.0,0.0,0.0,0.0,0.0,1.0,1.0,1.0,1.0,2.8200769424438477
P0955.jpg,neuro-b,neurod,neuro,2,2,0.7692307692307692,0.8333333333333334,0.2857142857142857,0.2857142857142857,1.0,1.0,0.0,0.0,0.0,1.0,2.8653242588043213
P1000.jpg,celebrex,celbowely,calboral,5,5,0.5882352941176471,0.5,0.625,0.625,1.0,1.0,0.0,0.0,0.0,0.0,2.841409683227539
P0431.jpg,ecosprin,ecosprtue,ecosprin,3,0,0.7058823529411764,1.0,0.375,0.0,1.0,0.0,0.0,0.0,1.0,1.0,2.921241283416748
P0882.jpg,zimax,zingo,indo,3,4,0.4,0.2222222222222222,0.6,0.8,1.0,1.0,0.0,0.0,0.0,0.0,2.900730848312378
P0631.jpg,phenocid,phenocid,phenocid,0,0,1.0,1.0,0.0,0.0,0.0,0.0,1.0,1.0,1.0,1.0,2.873945474624634
P0140.jpg,synogen,synogen,synogen,0,0,1.0,1.0,0.0,0.0,0.0,0.0,1.0,1.0,1.0,1.0,2.926645040512085
P0848.jpg,flugal,flugal,flugal,0,0,1.0,1.0,0.0,0.0,0.0,0.0,1.0,1.0,1.0,1.0,2.85846209526062
P0459.jpg,tuspel,tusped,tuspel,1,0,0.8333333333333334,1.0,0.16666666666666666,0.0,1.0,0.0,0.0,1.0,1.0,1.0,2.8652570247650146
P0562.jpg,ezytake,ezytake,ezytake,0,0,1.0,1.0,0.0,0.0,0.0,0.0,1.0,1.0,1.0,1.0,2.8678696155548096
P0210.jpg,nexum mups 20,nove ouglo,novonil,10,12,0.34782608695652173,0.09999999999999998,0.7692307692307693,0.9230769230769231,1.0,1.0,0.0,0.0,0.0,0.0,2.8214190006256104
P0159.jpg,costan,cortau,cortan,2,1,0.6666666666666667,0.8333333333333334,0.3333333333333333,0.16666666666666666,1.0,1.0,0.0,0.0,0.0,1.0,2.804030418395996
P0653.jpg,salost,salost,salost,0,0,1.0,1.0,0.0,0.0,0.0,0.0,1.0,1.0,1.0,1.0,2.9422481060028076
P0278.jpg,rolip,rollp,rolip,1,0,0.8,1.0,0.2,0.0,1.0,0.0,0.0,1.0,1.0,1.0,2.7625741958618164
P0245.jpg,trilock,trilock,trilock,0,0,1.0,1.0,0.0,0.0,0.0,0.0,1.0,1.0,1.0,1.0,2.716581344604492
P0537.jpg,nexe,nexe,nexe,0,0,1.0,1.0,0.0,0.0,0.0,0.0,1.0,1.0,1.0,1.0,2.714634656906128
P0430.jpg,cortan,cortay,cortan,1,0,0.8333333333333334,1.0,0.16666666666666666,0.0,1.0,0.0,0.0,1.0,1.0,1.0,2.7498042583465576
P0758.jpg,neuro-b,neuro-3,neuro,1,2,0.8571428571428572,0.8333333333333334,0.14285714285714285,0.2857142857142857,1.0,1.0,0.0,1.0,0.0,1.0,2.8487331867218018
P0725.jpg,bislol,sperw,sefr,6,5,0.18181818181818177,0.19999999999999996,1.0,0.8333333333333334,1.0,1.0,0.0,0.0,0.0,0.0,2.785154342651367
P0175.jpg,elodep 5,elodep 5,elodep 5,0,0,1.0,1.0,0.0,0.0,0.0,0.0,1.0,1.0,1.0,1.0,2.8337788581848145
P0199.jpg,coragen-d,corigu-d,coragu-d,3,2,0.7058823529411764,0.8235294117647058,0.3333333333333333,0.2222222222222222,1.0,1.0,0.0,0.0,0.0,1.0,2.789564609527588
P0507.jpg,amilin,amilin,amilin,0,0,1.0,1.0,0.0,0.0,0.0,0.0,1.0,1.0,1.0,1.0,2.8006160259246826
P0723.jpg,calboral dx,calbonedx,calbon,4,6,0.7,0.5882352941176471,0.36363636363636365,0.5454545454545454,1.0,1.0,0.0,0.0,0.0,0.0,2.740466594696045
P0079.jpg,povital,relwwu0,replastw,7,7,0.1428571428571429,0.2666666666666667,1.0,1.0,1.0,1.0,0.0,0.0,0.0,0.0,2.802201509475708
P0179.jpg,clavutil,nexe mmupho,nexe mups,10,9,0.10526315789473684,0.11764705882352944,1.25,1.125,2.0,2.0,0.0,0.0,0.0,0.0,2.8096399307250977
P1035.jpg,dexter,dextre,dexter,2,0,0.8333333333333334,1.0,0.3333333333333333,0.0,1.0,0.0,0.0,1.0,1.0,1.0,2.772895097732544
P0332.jpg,mixit,mixit,mixit,0,0,1.0,1.0,0.0,0.0,0.0,0.0,1.0,1.0,1.0,1.0,2.8333091735839844
P0531.jpg,sardopa,sardopa,sardopa,0,0,1.0,1.0,0.0,0.0,0.0,0.0,1.0,1.0,1.0,1.0,2.806370735168457
P0679.jpg,neuroxen,neumoxew,neemoxew,2,3,0.75,0.625,0.25,0.375,1.0,1.0,0.0,0.0,0.0,0.0,2.786813259124756
P0717.jpg,rosu,no3n,nonum,3,3,0.25,0.4444444444444444,0.75,0.75,1.0,1.0,0.0,0.0,0.0,0.0,2.868561267852783
P0040.jpg,domin,paloxi,paloxi,5,5,0.36363636363636365,0.36363636363636365,1.0,1.0,1.0,1.0,0.0,0.0,0.0,0.0,2.7902162075042725
P0031.jpg,medroxy,relvis,relvis,6,6,0.15384615384615385,0.15384615384615385,0.8571428571428571,0.8571428571428571,1.0,1.0,0.0,0.0,0.0,0.0,2.7669761180877686
P0925.jpg,calboral,calboral,calboral,0,0,1.0,1.0,0.0,0.0,0.0,0.0,1.0,1.0,1.0,1.0,2.8271749019622803
P0137.jpg,nexe,nepc,nexc,2,1,0.5,0.75,0.5,0.25,1.0,1.0,0.0,0.0,0.0,0.0,2.795833110809326
P0055.jpg,fougest,prishil,purisal,7,6,0.1428571428571429,0.2857142857142857,1.0,0.8571428571428571,1.0,1.0,0.0,0.0,0.0,0.0,2.841304063796997
P0828.jpg,flugal,flugal,flugal,0,0,1.0,1.0,0.0,0.0,0.0,0.0,1.0,1.0,1.0,1.0,2.771448850631714
P1053.jpg,denixil,deixil,deixil,1,1,0.9230769230769231,0.9230769230769231,0.14285714285714285,0.14285714285714285,1.0,1.0,0.0,1.0,0.0,1.0,2.8519153594970703
P0949.jpg,epitra,epira,epitra,1,0,0.9090909090909091,1.0,0.16666666666666666,0.0,1.0,0.0,0.0,1.0,1.0,1.0,2.8752365112304688
P0970.jpg,avolac,avlec,alect,2,4,0.7272727272727273,0.5454545454545454,0.3333333333333333,0.6666666666666666,1.0,1.0,0.0,0.0,0.0,0.0,2.7779505252838135
P0960.jpg,tryptin,tryphw,trypt,3,2,0.6153846153846154,0.8333333333333334,0.42857142857142855,0.2857142857142857,1.0,1.0,0.0,0.0,0.0,1.0,3.0276739597320557
P0705.jpg,combicid,cabilid,cantilid,3,4,0.6666666666666667,0.5,0.375,0.5,1.0,1.0,0.0,0.0,0.0,0.0,2.8843841552734375
P0004.jpg,losita,losita.,losita,1,0,0.9230769230769231,1.0,0.16666666666666666,0.0,1.0,0.0,0.0,1.0,1.0,1.0,2.934433937072754
P0337.jpg,esohil,esohil,esohil,0,0,1.0,1.0,0.0,0.0,0.0,0.0,1.0,1.0,1.0,1.0,2.97650408744812
P0621.jpg,xinc b,xiac3,xinc,3,2,0.5454545454545454,0.8,0.5,0.3333333333333333,1.0,0.5,0.0,0.0,0.0,1.0,2.8631319999694824
P1094.jpg,beklo,beklo,beklo,0,0,1.0,1.0,0.0,0.0,0.0,0.0,1.0,1.0,1.0,1.0,2.8168656826019287
P0985.jpg,cefotil,cefotil,cefotil,0,0,1.0,1.0,0.0,0.0,0.0,0.0,1.0,1.0,1.0,1.0,2.7102925777435303
P1050.jpg,bislol,bislot,bislol,1,0,0.8333333333333334,1.0,0.16666666666666666,0.0,1.0,0.0,0.0,1.0,1.0,1.0,2.815580368041992
P1005.jpg,algin,brst,reset,5,5,0.0,0.0,1.0,1.0,1.0,1.0,0.0,0.0,0.0,0.0,2.7994935512542725
P0343.jpg,eylox,eylox,eylox,0,0,1.0,1.0,0.0,0.0,0.0,0.0,1.0,1.0,1.0,1.0,2.7861485481262207
P0619.jpg,don a,dna.,don a,3,0,0.6666666666666667,1.0,0.6,0.0,1.0,0.0,0.0,0.0,1.0,1.0,2.7997851371765137
P0059.jpg,omep,fexo,fexo,4,4,0.25,0.25,1.0,1.0,1.0,1.0,0.0,0.0,0.0,0.0,2.905457019805908
P0873.jpg,seclo,seclo,seclo,0,0,1.0,1.0,0.0,0.0,0.0,0.0,1.0,1.0,1.0,1.0,2.8635458946228027
P0760.jpg,cap. foldin,cal.foltin,callin,3,6,0.7619047619047619,0.5882352941176471,0.2727272727272727,0.5454545454545454,1.0,1.0,0.0,0.0,0.0,0.0,2.8480868339538574
P0064.jpg,n-max so,invever10,indever 10,8,8,0.11764705882352944,0.2222222222222222,1.0,1.0,1.0,1.0,0.0,0.0,0.0,0.0,2.834678888320923
P0261.jpg,esmax,esmax,esmax,0,0,1.0,1.0,0.0,0.0,0.0,0.0,1.0,1.0,1.0,1.0,2.913395881652832
P0405.jpg,bilaxe,bilaxe,bilaxe,0,0,1.0,1.0,0.0,0.0,0.0,0.0,1.0,1.0,1.0,1.0,2.855752944946289
P0532.jpg,adovas,adovas,adovas,0,0,1.0,1.0,0.0,0.0,0.0,0.0,1.0,1.0,1.0,1.0,2.8682973384857178
P0101.jpg,telmacal,telmaceul,telmacal,2,0,0.8235294117647058,1.0,0.25,0.0,1.0,0.0,0.0,1.0,1.0,1.0,2.8544602394104004
P0169.jpg,prelics cr,prelic cr,prelics cr,1,0,0.9473684210526316,1.0,0.1,0.0,0.5,0.0,0.0,1.0,1.0,1.0,2.8645496368408203
P0549.jpg,indo,indo,indo,0,0,1.0,1.0,0.0,0.0,0.0,0.0,1.0,1.0,1.0,1.0,2.919912815093994
P0713.jpg,m-lucas 10,m-liucal1o,m-lucas 10,4,0,0.7,1.0,0.4,0.0,1.0,0.0,0.0,0.0,1.0,1.0,2.9447309970855713
P0618.jpg,clavusef,clavuif,clavusef,2,0,0.8,1.0,0.25,0.0,1.0,0.0,0.0,1.0,1.0,1.0,3.032377243041992
P0534.jpg,loxodol,lox=dol,loxodol,1,0,0.8571428571428572,1.0,0.14285714285714285,0.0,1.0,0.0,0.0,1.0,1.0,1.0,2.928074836730957
P0345.jpg,napa,napa,napa,0,0,1.0,1.0,0.0,0.0,0.0,0.0,1.0,1.0,1.0,1.0,2.8368782997131348
P0732.jpg,dexter,dexte,dexter,1,0,0.9090909090909091,1.0,0.16666666666666666,0.0,1.0,0.0,0.0,1.0,1.0,1.0,2.830674409866333
P0274.jpg,neopenem,neopenem,neopenem,0,0,1.0,1.0,0.0,0.0,0.0,0.0,1.0,1.0,1.0,1.0,2.8502004146575928
P0454.jpg,telmiaip,telmnidip,telmidip,2,1,0.8235294117647058,0.875,0.25,0.125,1.0,1.0,0.0,1.0,0.0,1.0,2.8217105865478516
P0335.jpg,dexnaaf,dexnal,dextal,2,3,0.7692307692307692,0.6153846153846154,0.2857142857142857,0.42857142857142855,1.0,1.0,0.0,0.0,0.0,0.0,2.866633415222168
P0391.jpg,rostil,rostil,rostil,0,0,1.0,1.0,0.0,0.0,0.0,0.0,1.0,1.0,1.0,1.0,2.9457006454467773
P1091.jpg,dexter,dexche,dexter,3,0,0.6666666666666667,1.0,0.5,0.0,1.0,0.0,0.0,0.0,1.0,1.0,2.838076591491699
P0067.jpg,profenid gel,aiculed,algend,10,9,0.21052631578947367,0.33333333333333337,0.8333333333333334,0.75,1.0,1.0,0.0,0.0,0.0,0.0,2.8914554119110107
P0797.jpg,neuro,geo0n,gerfon,4,4,0.4,0.5454545454545454,0.8,0.8,1.0,1.0,0.0,0.0,0.0,0.0,2.880253791809082
P0068.jpg,rudi 120,ppofenid sel,profenid gel,10,9,0.19999999999999996,0.30000000000000004,1.25,1.125,1.0,1.0,0.0,0.0,0.0,0.0,2.921031951904297
P0940.jpg,neuro,neen,nexe,3,3,0.4444444444444444,0.4444444444444444,0.6,0.6,1.0,1.0,0.0,0.0,0.0,0.0,2.8149948120117188
P0894.jpg,calboral,calboral,calboral,0,0,1.0,1.0,0.0,0.0,0.0,0.0,1.0,1.0,1.0,1.0,2.8184597492218018
P0013.jpg,t-cef,t-uf,natumef,2,4,0.6666666666666667,0.5,0.4,0.8,1.0,1.0,0.0,0.0,0.0,0.0,2.7970499992370605
P0363.jpg,vonocab,enaunal,nurnal,6,6,0.2857142857142857,0.3076923076923077,0.8571428571428571,0.8571428571428571,1.0,1.0,0.0,0.0,0.0,0.0,2.698885679244995
P0606.jpg,zimax,zimax,zimax,0,0,1.0,1.0,0.0,0.0,0.0,0.0,1.0,1.0,1.0,1.0,2.712557077407837
P0615.jpg,dexter,dextre,dexter,2,0,0.8333333333333334,1.0,0.3333333333333333,0.0,1.0,0.0,0.0,1.0,1.0,1.0,2.8396565914154053
P0842.jpg,combicid,combilid,combicid,1,0,0.875,1.0,0.125,0.0,1.0,0.0,0.0,1.0,1.0,1.0,2.798460006713867
P1057.jpg,progest,prosest,prosesf,1,2,0.8571428571428572,0.7142857142857143,0.14285714285714285,0.2857142857142857,1.0,1.0,0.0,1.0,0.0,0.0,2.7040224075317383
P0968.jpg,reelife,reelife,reelife,0,0,1.0,1.0,0.0,0.0,0.0,0.0,1.0,1.0,1.0,1.0,2.744293212890625
P0886.jpg,demelon,derolon,derolon,2,2,0.7142857142857143,0.7142857142857143,0.2857142857142857,0.2857142857142857,1.0,1.0,0.0,0.0,0.0,0.0,2.748272180557251
P0185.jpg,ocof,ocof,ocof,0,0,1.0,1.0,0.0,0.0,0.0,0.0,1.0,1.0,1.0,1.0,2.716867208480835
P0683.jpg,rosu,bed,rebe,4,3,0.0,0.25,1.0,0.75,1.0,1.0,0.0,0.0,0.0,0.0,2.7715141773223877
P0412.jpg,nebanol,nebanol,nebanol,0,0,1.0,1.0,0.0,0.0,0.0,0.0,1.0,1.0,1.0,1.0,2.740933656692505
P0248.jpg,texit,texit,texit,0,0,1.0,1.0,0.0,0.0,0.0,0.0,1.0,1.0,1.0,1.0,2.755859613418579
P0395.jpg,tajenta,tojenta,tojenta,1,1,0.8571428571428572,0.8571428571428572,0.14285714285714285,0.14285714285714285,1.0,1.0,0.0,1.0,0.0,1.0,2.7451894283294678
P0539.jpg,seko,sek6,seko,1,0,0.75,1.0,0.25,0.0,1.0,0.0,0.0,0.0,1.0,1.0,2.7290279865264893
P0329.jpg,gintabac,gentoabac,gintabac,2,0,0.8235294117647058,1.0,0.25,0.0,1.0,0.0,0.0,1.0,1.0,1.0,2.771829843521118
P1002.jpg,vildamet,hildamf,vildamef,3,1,0.6666666666666667,0.875,0.375,0.125,1.0,1.0,0.0,0.0,0.0,1.0,2.8054981231689453
P0238.jpg,itolcive 80,itolcive 50,itolcive 80,1,0,0.9090909090909091,1.0,0.09090909090909091,0.0,0.5,0.0,0.0,1.0,1.0,1.0,2.7550978660583496
P0487.jpg,rofixim,rokixim,rofixim,1,0,0.8571428571428572,1.0,0.14285714285714285,0.0,1.0,0.0,0.0,1.0,1.0,1.0,2.75123929977417
P0787.jpg,folzin,fol2in-,folzin,2,0,0.7692307692307692,1.0,0.3333333333333333,0.0,1.0,0.0,0.0,0.0,1.0,1.0,2.851226568222046
P0741.jpg,calboral,calboral,calboral,0,0,1.0,1.0,0.0,0.0,0.0,0.0,1.0,1.0,1.0,1.0,2.773395299911499
P0690.jpg,relentus,nelentn,relenten,3,2,0.6666666666666667,0.75,0.375,0.25,1.0,1.0,0.0,0.0,0.0,0.0,2.870392322540283
P0851.jpg,amitip,amitip,amitip,0,0,1.0,1.0,0.0,0.0,0.0,0.0,1.0,1.0,1.0,1.0,2.8958890438079834
P0300.jpg,nexe,nexe,nexe,0,0,1.0,1.0,0.0,0.0,0.0,0.0,1.0,1.0,1.0,1.0,2.8634021282196045
P0003.jpg,indever,indeven,indever,1,0,0.8571428571428572,1.0,0.14285714285714285,0.0,1.0,0.0,0.0,1.0,1.0,1.0,2.865762233734131
P0007.jpg,napa,napa,napa,0,0,1.0,1.0,0.0,0.0,0.0,0.0,1.0,1.0,1.0,1.0,2.900014877319336
P0596.jpg,telmivas,temivas,telmivas,1,0,0.9333333333333333,1.0,0.125,0.0,1.0,0.0,0.0,1.0,1.0,1.0,2.9405059814453125
P0328.jpg,kinate,kinote,kinate,1,0,0.8333333333333334,1.0,0.16666666666666666,0.0,1.0,0.0,0.0,1.0,1.0,1.0,2.9139184951782227
P0874.jpg,neuro,neuro,neuro,0,0,1.0,1.0,0.0,0.0,0.0,0.0,1.0,1.0,1.0,1.0,2.918184757232666
P0353.jpg,bilaxe,bilaxe,bilaxe,0,0,1.0,1.0,0.0,0.0,0.0,0.0,1.0,1.0,1.0,1.0,2.943998098373413
P0755.jpg,folzin,foltin,folzin,1,0,0.8333333333333334,1.0,0.16666666666666666,0.0,1.0,0.0,0.0,1.0,1.0,1.0,2.89652419090271
P0550.jpg,nexe,nexe,nexe,0,0,1.0,1.0,0.0,0.0,0.0,0.0,1.0,1.0,1.0,1.0,2.9364147186279297
P0990.jpg,ointment,ointiment,ointment,1,0,0.9411764705882353,1.0,0.125,0.0,1.0,0.0,0.0,1.0,1.0,1.0,2.9951322078704834
P0216.jpg,trd coutine,tedgutic,medragust,6,9,0.5263157894736843,0.30000000000000004,0.5454545454545454,0.8181818181818182,1.0,1.0,0.0,0.0,0.0,0.0,2.9780659675598145
P0310.jpg,xyflo,xyfle,xyflo,1,0,0.8,1.0,0.2,0.0,1.0,0.0,0.0,1.0,1.0,1.0,2.9566965103149414
P0543.jpg,nexe,nexe,nexe,0,0,1.0,1.0,0.0,0.0,0.0,0.0,1.0,1.0,1.0,1.0,2.9229841232299805
P0426.jpg,clavutil,clavutil,clavutil,0,0,1.0,1.0,0.0,0.0,0.0,0.0,1.0,1.0,1.0,1.0,2.927144765853882
P0440.jpg,telmidip,teluidip,telmidip,1,0,0.875,1.0,0.125,0.0,1.0,0.0,0.0,1.0,1.0,1.0,2.8893911838531494
P0967.jpg,esprazo,anprano,xanra,3,5,0.5714285714285714,0.33333333333333337,0.42857142857142855,0.7142857142857143,1.0,1.0,0.0,0.0,0.0,0.0,2.8451457023620605
P0919.jpg,calboral,calboral,calboral,0,0,1.0,1.0,0.0,0.0,0.0,0.0,1.0,1.0,1.0,1.0,3.147169828414917
P1074.jpg,neuroxen,nemroyew,neemoxew,3,3,0.625,0.625,0.375,0.375,1.0,1.0,0.0,0.0,0.0,0.0,3.0842392444610596
P0667.jpg,radiflex,nasther,onaseron,6,8,0.2666666666666667,0.25,0.75,1.0,1.0,1.0,0.0,0.0,0.0,0.0,2.7684671878814697
P0680.jpg,asynta,asynth,asynta,1,0,0.8333333333333334,1.0,0.16666666666666666,0.0,1.0,0.0,0.0,1.0,1.0,1.0,2.834223747253418
P0334.jpg,napxon,nupxon,napxon,1,0,0.8333333333333334,1.0,0.16666666666666666,0.0,1.0,0.0,0.0,1.0,1.0,1.0,2.8276546001434326
P0740.jpg,folzin,polzin,folzin,1,0,0.8333333333333334,1.0,0.16666666666666666,0.0,1.0,0.0,0.0,1.0,1.0,1.0,2.8743011951446533
P0482.jpg,vonocab,vonoeab,vonocab,1,0,0.8571428571428572,1.0,0.14285714285714285,0.0,1.0,0.0,0.0,1.0,1.0,1.0,2.792863368988037
P0911.jpg,esprazo,esprato,esprazo,1,0,0.8571428571428572,1.0,0.14285714285714285,0.0,1.0,0.0,0.0,1.0,1.0,1.0,3.0903942584991455
P0295.jpg,texit,texit,texit,0,0,1.0,1.0,0.0,0.0,0.0,0.0,1.0,1.0,1.0,1.0,2.983375072479248
P0257.jpg,esover,esover,esover,0,0,1.0,1.0,0.0,0.0,0.0,0.0,1.0,1.0,1.0,1.0,2.842142105102539
P0026.jpg,nimens,paried,panied,6,5,0.33333333333333337,0.5,1.0,0.8333333333333334,1.0,1.0,0.0,0.0,0.0,0.0,2.870185375213623
P0287.jpg,clonapex,clonapex,clonapex,0,0,1.0,1.0,0.0,0.0,0.0,0.0,1.0,1.0,1.0,1.0,2.8687527179718018
P0048.jpg,robac,dorycap,doxycap,5,5,0.33333333333333337,0.33333333333333337,1.0,1.0,1.0,1.0,0.0,0.0,0.0,0.0,2.8070333003997803
P0107.jpg,duloxen,duloxen,duloxen,0,0,1.0,1.0,0.0,0.0,0.0,0.0,1.0,1.0,1.0,1.0,2.8636839389801025
P0056.jpg,omep,frugest,fougest,6,5,0.18181818181818177,0.36363636363636365,1.5,1.25,1.0,1.0,0.0,0.0,0.0,0.0,2.861499309539795
P0389.jpg,nexpro,nexpro,nexpro,0,0,1.0,1.0,0.0,0.0,0.0,0.0,1.0,1.0,1.0,1.0,2.8510825634002686
P0214.jpg,zo.mups 20,20.mups,mups,5,6,0.5882352941176471,0.5714285714285714,0.5,0.6,1.0,1.0,0.0,0.0,0.0,0.0,2.843484878540039
P0121.jpg,ulfix,ulfix,ulfix,0,0,1.0,1.0,0.0,0.0,0.0,0.0,1.0,1.0,1.0,1.0,2.838242292404175
P0494.jpg,duracef,puracef,duracef,1,0,0.8571428571428572,1.0,0.14285714285714285,0.0,1.0,0.0,0.0,1.0,1.0,1.0,2.748267650604248
P0299.jpg,indo,indo,indo,0,0,1.0,1.0,0.0,0.0,0.0,0.0,1.0,1.0,1.0,1.0,2.7262825965881348
P0073.jpg,apeelo,traxy!,traxyl,6,6,0.16666666666666663,0.33333333333333337,1.0,1.0,1.0,1.0,0.0,0.0,0.0,0.0,2.7315962314605713
P0869.jpg,flugal,hlugal,flugal,1,0,0.8333333333333334,1.0,0.16666666666666666,0.0,1.0,0.0,0.0,1.0,1.0,1.0,2.8605360984802246
P0491.jpg,algin,algin,algin,0,0,1.0,1.0,0.0,0.0,0.0,0.0,1.0,1.0,1.0,1.0,2.8072867393493652
P0322.jpg,syrup,syup,syrup,1,0,0.8888888888888888,1.0,0.2,0.0,1.0,0.0,0.0,1.0,1.0,1.0,2.874115228652954
P0589.jpg,delanix,delanix,delanix,0,0,1.0,1.0,0.0,0.0,0.0,0.0,1.0,1.0,1.0,1.0,2.9127323627471924
P0443.jpg,itokine,itokiue,itokine,1,0,0.8571428571428572,1.0,0.14285714285714285,0.0,1.0,0.0,0.0,1.0,1.0,1.0,2.918409824371338
P0922.jpg,flugal,flugal.,flugal,1,0,0.9230769230769231,1.0,0.16666666666666666,0.0,1.0,0.0,0.0,1.0,1.0,1.0,2.8715462684631348
P0912.jpg,algin,algin,algin,0,0,1.0,1.0,0.0,0.0,0.0,0.0,1.0,1.0,1.0,1.0,2.9968101978302
P0360.jpg,normant,notmanal,normanal,3,2,0.6666666666666667,0.8,0.42857142857142855,0.2857142857142857,1.0,1.0,0.0,0.0,0.0,1.0,2.8568568229675293
P0790.jpg,neuro,neuro,neuro,0,0,1.0,1.0,0.0,0.0,0.0,0.0,1.0,1.0,1.0,1.0,2.8426311016082764
P0533.jpg,normens,normens,normens,0,0,1.0,1.0,0.0,0.0,0.0,0.0,1.0,1.0,1.0,1.0,2.8535501956939697
P0708.jpg,setra,schra,sckoria,2,4,0.6,0.5,0.4,0.8,1.0,1.0,0.0,0.0,0.0,0.0,2.847343683242798
P0971.jpg,dexter,dexthe,dexter,2,0,0.8333333333333334,1.0,0.3333333333333333,0.0,1.0,0.0,0.0,1.0,1.0,1.0,2.847580909729004
P0588.jpg,flamyd,flamyd,flamyd,0,0,1.0,1.0,0.0,0.0,0.0,0.0,1.0,1.0,1.0,1.0,2.898463010787964
P0428.jpg,trilock,prilock,trilock,1,0,0.8571428571428572,1.0,0.14285714285714285,0.0,1.0,0.0,0.0,1.0,1.0,1.0,2.8457484245300293
P0434.jpg,zo.mups 20,20-mups,mups,6,6,0.47058823529411764,0.5714285714285714,0.6,0.6,1.0,1.0,0.0,0.0,0.0,0.0,2.8620009422302246
P0061.jpg,sergel,maxpro,maxpro,6,6,0.16666666666666663,0.16666666666666663,1.0,1.0,1.0,1.0,0.0,0.0,0.0,0.0,2.853151798248291
P0814.jpg,microgest,microgen,microges,2,1,0.8235294117647058,0.9411764705882353,0.2222222222222222,0.1111111111111111,1.0,1.0,0.0,1.0,0.0,1.0,2.9314687252044678
P0093.jpg,frulae,frulae,frulae,0,0,1.0,1.0,0.0,0.0,0.0,0.0,1.0,1.0,1.0,1.0,2.9115488529205322
P0731.jpg,vigorex,vigorex,vigorex,0,0,1.0,1.0,0.0,0.0,0.0,0.0,1.0,1.0,1.0,1.0,2.9699370861053467
P0292.jpg,avolac,fetsse,fenisen,6,7,0.0,0.0,1.0,1.1666666666666667,1.0,1.0,0.0,0.0,0.0,0.0,2.9453554153442383
P0962.jpg,xyril,yynil,xyril,2,0,0.6,1.0,0.4,0.0,1.0,0.0,0.0,0.0,1.0,1.0,2.95412015914917
P0281.jpg,nexe,nexe,nexe,0,0,1.0,1.0,0.0,0.0,0.0,0.0,1.0,1.0,1.0,1.0,2.9769744873046875
P0791.jpg,calboral,genon,gerfon,7,7,0.15384615384615385,0.1428571428571429,0.875,0.875,1.0,1.0,0.0,0.0,0.0,0.0,2.9097094535827637
P1084.jpg,nabumet,natuomef,natumef,3,2,0.6666666666666667,0.7142857142857143,0.42857142857142855,0.2857142857142857,1.0,1.0,0.0,0.0,0.0,0.0,2.9636921882629395
P0352.jpg,alben,alben,alben,0,0,1.0,1.0,0.0,0.0,0.0,0.0,1.0,1.0,1.0,1.0,2.9051148891448975
P0183.jpg,trilock,trilock,trilock,0,0,1.0,1.0,0.0,0.0,0.0,0.0,1.0,1.0,1.0,1.0,2.961841344833374
P0553.jpg,nexe,neve,nexe,1,0,0.75,1.0,0.25,0.0,1.0,0.0,0.0,0.0,1.0,1.0,2.9438014030456543
P0714.jpg,ecosprin plus,elosfhi pl,elosfiv plus,6,4,0.6086956521739131,0.72,0.46153846153846156,0.3076923076923077,1.0,0.5,0.0,0.0,0.0,0.0,2.9435648918151855
P0111.jpg,myotax,myotax,myotax,0,0,1.0,1.0,0.0,0.0,0.0,0.0,1.0,1.0,1.0,1.0,2.9821994304656982
P0414.jpg,gestirenol,gestrenaol,gestrenol,2,1,0.9,0.9473684210526316,0.2,0.1,1.0,1.0,0.0,1.0,0.0,1.0,2.8704514503479004
P0751.jpg,neuro b,neuro-3,neuro,2,2,0.7142857142857143,0.8333333333333334,0.2857142857142857,0.2857142857142857,1.0,0.5,0.0,0.0,0.0,1.0,2.8676791191101074
P0542.jpg,finix,finix,finix,0,0,1.0,1.0,0.0,0.0,0.0,0.0,1.0,1.0,1.0,1.0,2.8802297115325928
P0498.jpg,napa,napa,napa,0,0,1.0,1.0,0.0,0.0,0.0,0.0,1.0,1.0,1.0,1.0,2.8476133346557617
P0424.jpg,atoz,ato2 prmicy,tomy,8,3,0.4,0.5,2.0,0.75,2.0,1.0,0.0,0.0,0.0,0.0,2.835101366043091
P0561.jpg,bilaxe,bilaxe,bilaxe,0,0,1.0,1.0,0.0,0.0,0.0,0.0,1.0,1.0,1.0,1.0,2.8438494205474854
P0262.jpg,renova,renova,renova,0,0,1.0,1.0,0.0,0.0,0.0,0.0,1.0,1.0,1.0,1.0,2.837494373321533
P0707.jpg,estes,estes,estes,0,0,1.0,1.0,0.0,0.0,0.0,0.0,1.0,1.0,1.0,1.0,2.8933165073394775
P0559.jpg,ceevit,coerit,comet,2,4,0.6666666666666667,0.5454545454545454,0.3333333333333333,0.6666666666666666,1.0,1.0,0.0,0.0,0.0,0.0,2.7860004901885986
P1063.jpg,neuroxen,neinoxew,newoxew,3,3,0.625,0.6666666666666667,0.375,0.375,1.0,1.0,0.0,0.0,0.0,0.0,2.779771566390991
P0889.jpg,neuro,neuro,neuro,0,0,1.0,1.0,0.0,0.0,0.0,0.0,1.0,1.0,1.0,1.0,2.8183233737945557
P0138.jpg,montelon,bamay10omng,baemax,9,7,0.3157894736842105,0.1428571428571429,1.125,0.875,1.0,1.0,0.0,0.0,0.0,0.0,2.770423412322998
P0605.jpg,analac,ardac,sardopa,3,6,0.5454545454545454,0.3076923076923077,0.5,1.0,1.0,1.0,0.0,0.0,0.0,0.0,2.7601101398468018
P0406.jpg,dexnaaf,dexnaal,dexnaaf,1,0,0.8571428571428572,1.0,0.14285714285714285,0.0,1.0,0.0,0.0,1.0,1.0,1.0,2.892760992050171
P0913.jpg,neuro b,neuro-3,neuro,2,2,0.7142857142857143,0.8333333333333334,0.2857142857142857,0.2857142857142857,1.0,0.5,0.0,0.0,0.0,1.0,2.805166244506836
P0945.jpg,nexum,nexum,nexum,0,0,1.0,1.0,0.0,0.0,0.0,0.0,1.0,1.0,1.0,1.0,2.8059427738189697
P0939.jpg,algin,algin,algin,0,0,1.0,1.0,0.0,0.0,0.0,0.0,1.0,1.0,1.0,1.0,2.789051055908203
P0650.jpg,combicid,cowbilid,cewfilid,2,4,0.75,0.5,0.25,0.5,1.0,1.0,0.0,0.0,0.0,0.0,2.8380539417266846
P0030.jpg,relvis,bengel,bengel,5,5,0.33333333333333337,0.33333333333333337,0.8333333333333334,0.8333333333333334,1.0,1.0,0.0,0.0,0.0,0.0,3.005819082260132
P0166.jpg,beklo,bekio,beklo,1,0,0.8,1.0,0.2,0.0,1.0,0.0,0.0,1.0,1.0,1.0,2.8873472213745117
P0249.jpg,esomand,esman,esomand,2,0,0.8333333333333334,1.0,0.2857142857142857,0.0,1.0,0.0,0.0,1.0,1.0,1.0,2.851283550262451
P0308.jpg,avolac,avolae,avolac,1,0,0.8333333333333334,1.0,0.16666666666666666,0.0,1.0,0.0,0.0,1.0,1.0,1.0,2.8369646072387695
P0712.jpg,e-vit,e-nit,nitr,1,4,0.8,0.4444444444444444,0.2,0.8,1.0,1.0,0.0,1.0,0.0,0.0,2.8058621883392334
P0378.jpg,apeclo,apeclo,apeclo,0,0,1.0,1.0,0.0,0.0,0.0,0.0,1.0,1.0,1.0,1.0,2.848778247833252
P1105.jpg,napa,napa,napa,0,0,1.0,1.0,0.0,0.0,0.0,0.0,1.0,1.0,1.0,1.0,2.8263158798217773
P0885.jpg,gascon,ganoa,ginoba,3,5,0.5454545454545454,0.33333333333333337,0.5,0.8333333333333334,1.0,1.0,0.0,0.0,0.0,0.0,2.772747278213501
P0906.jpg,calboral,calboral,calboral,0,0,1.0,1.0,0.0,0.0,0.0,0.0,1.0,1.0,1.0,1.0,2.749380588531494
P1065.jpg,arth,arm,barmax,2,4,0.5714285714285714,0.4,0.5,1.0,1.0,1.0,0.0,0.0,0.0,0.0,2.774669885635376
P0421.jpg,elodep,elodep,elodep,0,0,1.0,1.0,0.0,0.0,0.0,0.0,1.0,1.0,1.0,1.0,2.7443432807922363
P0716.jpg,bislol,prislot,purisal,3,5,0.6153846153846154,0.46153846153846156,0.5,0.8333333333333334,1.0,1.0,0.0,0.0,0.0,0.0,2.7992911338806152
P0592.jpg,ratinol,ratinol,ratinol,0,0,1.0,1.0,0.0,0.0,0.0,0.0,1.0,1.0,1.0,1.0,2.7886502742767334
P0066.jpg,domin,sersed20,sergel,8,6,0.15384615384615385,0.0,1.6,1.2,1.0,1.0,0.0,0.0,0.0,0.0,2.7603390216827393
P0463.jpg,nexe,nexe,nexe,0,0,1.0,1.0,0.0,0.0,0.0,0.0,1.0,1.0,1.0,1.0,2.789036989212036
P1003.jpg,emazid,emasd,emjard,2,3,0.7272727272727273,0.6666666666666667,0.3333333333333333,0.5,1.0,1.0,0.0,0.0,0.0,0.0,2.8463916778564453
P0867.jpg,neuro,neuro,neuro,0,0,1.0,1.0,0.0,0.0,0.0,0.0,1.0,1.0,1.0,1.0,2.8529319763183594
P0255.jpg,periodontitis,perecdantn,pregan,7,10,0.5217391304347826,0.3157894736842105,0.5384615384615384,0.7692307692307693,1.0,1.0,0.0,0.0,0.0,0.0,2.7836341857910156
P1085.jpg,dexter,dexte,dexter,1,0,0.9090909090909091,1.0,0.16666666666666666,0.0,1.0,0.0,0.0,1.0,1.0,1.0,2.8096253871917725
P0313.jpg,brodin,brodn,brodin,1,0,0.9090909090909091,1.0,0.16666666666666666,0.0,1.0,0.0,0.0,1.0,1.0,1.0,2.8541221618652344
P0870.jpg,dekalin,dekalin,dekalin,0,0,1.0,1.0,0.0,0.0,0.0,0.0,1.0,1.0,1.0,1.0,2.8268442153930664
P0222.jpg,itokine,itokive,itokine,1,0,0.8571428571428572,1.0,0.14285714285714285,0.0,1.0,0.0,0.0,1.0,1.0,1.0,2.8274383544921875
P0236.jpg,zo.mups 20,20-mueanf 20,namefan 750,7,9,0.4545454545454546,0.2857142857142857,0.7,0.9,0.5,1.0,0.0,0.0,0.0,0.0,2.8050262928009033
P0448.jpg,bilaxe,qoos-d,blood,6,4,0.0,0.36363636363636365,1.0,0.6666666666666666,1.0,1.0,0.0,0.0,0.0,0.0,2.8297817707061768
P0850.jpg,lecor,lelor,lecor,1,0,0.8,1.0,0.2,0.0,1.0,0.0,0.0,1.0,1.0,1.0,2.8906633853912354
P0306.jpg,alcet,alcet,alcet,0,0,1.0,1.0,0.0,0.0,0.0,0.0,1.0,1.0,1.0,1.0,2.867391347885132
P0483.jpg,bilaxe,bilaxe,bilaxe,0,0,1.0,1.0,0.0,0.0,0.0,0.0,1.0,1.0,1.0,1.0,2.880331039428711
P0675.jpg,dexter,dexthe,dexter,2,0,0.8333333333333334,1.0,0.3333333333333333,0.0,1.0,0.0,0.0,1.0,1.0,1.0,2.9273364543914795
P1060.jpg,algin,algin,algin,0,0,1.0,1.0,0.0,0.0,0.0,0.0,1.0,1.0,1.0,1.0,2.942389965057373
P0250.jpg,rolac,rolec,rolae,1,1,0.8,0.8,0.2,0.2,1.0,1.0,0.0,1.0,0.0,1.0,2.91158127784729
P1040.jpg,uliv,uliv,uliv,0,0,1.0,1.0,0.0,0.0,0.0,0.0,1.0,1.0,1.0,1.0,2.9423794746398926
P0505.jpg,nexpro,nexpro,nexpro,0,0,1.0,1.0,0.0,0.0,0.0,0.0,1.0,1.0,1.0,1.0,2.9256465435028076
P0072.jpg,traxyl,nexcitu 15),nexcital,10,7,0.11764705882352944,0.4285714285714286,1.6666666666666667,1.1666666666666667,2.0,1.0,0.0,0.0,0.0,0.0,2.866173267364502
P0095.jpg,radifil,raditil,raditil,1,1,0.8571428571428572,0.8571428571428572,0.14285714285714285,0.14285714285714285,1.0,1.0,0.0,1.0,0.0,1.0,2.7974441051483154
P0433.jpg,telmidip,telumidip,telmidip,1,0,0.9411764705882353,1.0,0.125,0.0,1.0,0.0,0.0,1.0,1.0,1.0,2.8013627529144287
P0034.jpg,torat,furocef,furocef,6,6,0.16666666666666663,0.16666666666666663,1.2,1.2,1.0,1.0,0.0,0.0,0.0,0.0,2.8124048709869385
P0989.jpg,bartrocin,bactrocin,bactrocin,1,1,0.8888888888888888,0.8888888888888888,0.1111111111111111,0.1111111111111111,1.0,1.0,0.0,1.0,0.0,1.0,2.879300117492676
P0260.jpg,clavutil,clavutil,clavutil,0,0,1.0,1.0,0.0,0.0,0.0,0.0,1.0,1.0,1.0,1.0,2.8840835094451904
P0205.jpg,zo.mups 20,zamurf,meur,7,9,0.375,0.2857142857142857,0.7,0.9,1.0,1.0,0.0,0.0,0.0,0.0,2.804103136062622
P0929.jpg,gestrenol,gr,gerfon,7,5,0.36363636363636365,0.5333333333333333,0.7777777777777778,0.5555555555555556,1.0,1.0,0.0,0.0,0.0,0.0,2.7950973510742188
P0810.jpg,nexum,nexum,nexum,0,0,1.0,1.0,0.0,0.0,0.0,0.0,1.0,1.0,1.0,1.0,2.7387382984161377
P0450.jpg,raditril,radifril,radifil,1,2,0.875,0.8,0.125,0.25,1.0,1.0,0.0,1.0,0.0,1.0,2.7569878101348877
P0078.jpg,nervion,ideanld,inderal,7,6,0.2857142857142857,0.4285714285714286,1.0,0.8571428571428571,1.0,1.0,0.0,0.0,0.0,0.0,2.7639317512512207
P0085.jpg,thyrox,thyrox,thyrox,0,0,1.0,1.0,0.0,0.0,0.0,0.0,1.0,1.0,1.0,1.0,2.76741099357605
P1037.jpg,ostocal,ostocal,ostocal,0,0,1.0,1.0,0.0,0.0,0.0,0.0,1.0,1.0,1.0,1.0,2.7556912899017334
P0083.jpg,radifil,radifil,radifil,0,0,1.0,1.0,0.0,0.0,0.0,0.0,1.0,1.0,1.0,1.0,2.8026516437530518
P0508.jpg,utromeg,utromeg,utromeg,0,0,1.0,1.0,0.0,0.0,0.0,0.0,1.0,1.0,1.0,1.0,2.9378037452697754
P0528.jpg,nexpro,nexpro,nexpro,0,0,1.0,1.0,0.0,0.0,0.0,0.0,1.0,1.0,1.0,1.0,2.7987523078918457
P0689.jpg,toramax,toramex,toramex,1,1,0.8571428571428572,0.8571428571428572,0.14285714285714285,0.14285714285714285,1.0,1.0,0.0,1.0,0.0,1.0,2.8130106925964355
P0629.jpg,bilan,boilaw,bilan,2,0,0.7272727272727273,1.0,0.4,0.0,1.0,0.0,0.0,0.0,1.0,1.0,2.8200058937072754
P0446.jpg,bilaxe,bilaxe,bilaxe,0,0,1.0,1.0,0.0,0.0,0.0,0.0,1.0,1.0,1.0,1.0,2.8333871364593506
P0891.jpg,amitip,anmitip,amitip,1,0,0.9230769230769231,1.0,0.16666666666666666,0.0,1.0,0.0,0.0,1.0,1.0,1.0,2.7693238258361816
P0997.jpg,dophylin,dophyline,dophylin,1,0,0.9411764705882353,1.0,0.125,0.0,1.0,0.0,0.0,1.0,1.0,1.0,2.824476718902588
P0351.jpg,kinate,kinate,kinate,0,0,1.0,1.0,0.0,0.0,0.0,0.0,1.0,1.0,1.0,1.0,2.8104982376098633
P0829.jpg,lecor,lecor,lecor,0,0,1.0,1.0,0.0,0.0,0.0,0.0,1.0,1.0,1.0,1.0,2.935425043106079
P0006.jpg,asynta,asynta,asynta,0,0,1.0,1.0,0.0,0.0,0.0,0.0,1.0,1.0,1.0,1.0,2.755213499069214
P0311.jpg,kindial-d,kindfal-d,kindial-d,1,0,0.8888888888888888,1.0,0.1111111111111111,0.0,1.0,0.0,0.0,1.0,1.0,1.0,2.726064682006836
P0558.jpg,arlin,arlin,arlin,0,0,1.0,1.0,0.0,0.0,0.0,0.0,1.0,1.0,1.0,1.0,2.736279249191284
P0105.jpg,cora dx,con dxx,cora dx,3,0,0.7142857142857143,1.0,0.42857142857142855,0.0,1.0,0.0,0.0,0.0,1.0,1.0,2.715392827987671
P0098.jpg,fylox,fylox,fylox,0,0,1.0,1.0,0.0,0.0,0.0,0.0,1.0,1.0,1.0,1.0,2.7402946949005127
P1080.jpg,flexi,flexi,flexi,0,0,1.0,1.0,0.0,0.0,0.0,0.0,1.0,1.0,1.0,1.0,2.76845383644104
P0781.jpg,flugal,flugal,flugal,0,0,1.0,1.0,0.0,0.0,0.0,0.0,1.0,1.0,1.0,1.0,2.7745091915130615
P0315.jpg,feup,feup,feup,0,0,1.0,1.0,0.0,0.0,0.0,0.0,1.0,1.0,1.0,1.0,2.69063663482666
P0523.jpg,hemofix,hemofz,hemofix,2,0,0.7692307692307692,1.0,0.2857142857142857,0.0,1.0,0.0,0.0,0.0,1.0,1.0,2.7186200618743896
P0536.jpg,seko,seko,seko,0,0,1.0,1.0,0.0,0.0,0.0,0.0,1.0,1.0,1.0,1.0,2.717564582824707
P0063.jpg,indever,besoparn,bisoren,7,6,0.2666666666666667,0.2857142857142857,1.0,0.8571428571428571,1.0,1.0,0.0,0.0,0.0,0.0,2.734419822692871
P0282.jpg,flux,flux,flux,0,0,1.0,1.0,0.0,0.0,0.0,0.0,1.0,1.0,1.0,1.0,2.8071494102478027
P0635.jpg,ropitor,dexthe,dexter,6,5,0.15384615384615385,0.3076923076923077,0.8571428571428571,0.7142857142857143,1.0,1.0,0.0,0.0,0.0,0.0,2.9206173419952393
P0267.jpg,texit,texit,texit,0,0,1.0,1.0,0.0,0.0,0.0,0.0,1.0,1.0,1.0,1.0,2.9316585063934326
P0704.jpg,dexter,dext24,dexter,2,0,0.6666666666666667,1.0,0.3333333333333333,0.0,1.0,0.0,0.0,0.0,1.0,1.0,2.9471988677978516
P0239.jpg,zolfin,zolf'u,zolfin,2,0,0.6666666666666667,1.0,0.3333333333333333,0.0,1.0,0.0,0.0,0.0,1.0,1.0,2.9910225868225098
P0695.jpg,flamfix,flembix,flemex,2,3,0.7142857142857143,0.6153846153846154,0.2857142857142857,0.42857142857142855,1.0,1.0,0.0,0.0,0.0,0.0,3.008145809173584
P0146.jpg,tuspel,tuspel,tuspel,0,0,1.0,1.0,0.0,0.0,0.0,0.0,1.0,1.0,1.0,1.0,2.967237710952759
P1042.jpg,zymet,zynef,zymef,2,1,0.6,0.8,0.4,0.2,1.0,1.0,0.0,0.0,0.0,1.0,2.937030553817749
P0840.jpg,nexum,nexum,nexum,0,0,1.0,1.0,0.0,0.0,0.0,0.0,1.0,1.0,1.0,1.0,2.94330096244812
P0632.jpg,viglimet,deflecr,deflacort,7,7,0.2666666666666667,0.23529411764705888,0.875,0.875,1.0,1.0,0.0,0.0,0.0,0.0,2.9077062606811523
P0119.jpg,vonocab,vonocab,vonocab,0,0,1.0,1.0,0.0,0.0,0.0,0.0,1.0,1.0,1.0,1.0,2.920728921890259
P0905.jpg,neuro b,nuurot,neuro,3,2,0.6153846153846154,0.8333333333333334,0.42857142857142855,0.2857142857142857,1.0,0.5,0.0,0.0,0.0,1.0,2.908020257949829
P0524.jpg,kindical d,kindfal-b,kindial-d,4,2,0.631578947368421,0.8421052631578947,0.4,0.2,1.0,1.0,0.0,0.0,0.0,1.0,2.873197317123413
P0251.jpg,max dol,mardof,emjard,3,6,0.6153846153846154,0.46153846153846156,0.42857142857142855,0.8571428571428571,1.0,1.0,0.0,0.0,0.0,0.0,2.883945941925049
P0824.jpg,seclo,seclo,seclo,0,0,1.0,1.0,0.0,0.0,0.0,0.0,1.0,1.0,1.0,1.0,2.881505012512207
P0286.jpg,fixgut,fixgut,fixgut,0,0,1.0,1.0,0.0,0.0,0.0,0.0,1.0,1.0,1.0,1.0,2.8708760738372803
P0775.jpg,folzin,naprosyn,napryn,7,5,0.2857142857142857,0.16666666666666663,1.1666666666666667,0.8333333333333334,1.0,1.0,0.0,0.0,0.0,0.0,2.863619565963745
P0010.jpg,napa,napa,napa,0,0,1.0,1.0,0.0,0.0,0.0,0.0,1.0,1.0,1.0,1.0,2.809396266937256
P1049.jpg,doxoven,vallawl,arlila,7,7,0.1428571428571429,0.0,1.0,1.0,1.0,1.0,0.0,0.0,0.0,0.0,2.855889320373535
P0197.jpg,mervax,merdau,emezrd,2,5,0.6666666666666667,0.5,0.3333333333333333,0.8333333333333334,1.0,1.0,0.0,0.0,0.0,0.0,2.8517568111419678
P0744.jpg,acliz plus,alizplus,acliz plus,2,0,0.8888888888888888,1.0,0.2,0.0,1.0,0.0,0.0,1.0,1.0,1.0,2.7876968383789062
P0371.jpg,anustat,anustat,anustat,0,0,1.0,1.0,0.0,0.0,0.0,0.0,1.0,1.0,1.0,1.0,2.7980778217315674
P0082.jpg,apeelo,apeclo,apeclo,1,1,0.8333333333333334,0.8333333333333334,0.16666666666666666,0.16666666666666666,1.0,1.0,0.0,1.0,0.0,1.0,2.785655975341797
P0390.jpg,bilaxe,bilaxe,bilaxe,0,0,1.0,1.0,0.0,0.0,0.0,0.0,1.0,1.0,1.0,1.0,2.826464891433716
P0721.jpg,m-lucas 10,mrlulario,regular,6,8,0.42105263157894735,0.23529411764705888,0.6,0.8,1.0,1.0,0.0,0.0,0.0,0.0,2.819981575012207
P0599.jpg,anfree,anfice,canficid,2,5,0.6666666666666667,0.4285714285714286,0.3333333333333333,0.8333333333333334,1.0,1.0,0.0,0.0,0.0,0.0,2.797910690307617
P0762.jpg,nexum,nexum,nexum,0,0,1.0,1.0,0.0,0.0,0.0,0.0,1.0,1.0,1.0,1.0,2.7879397869110107
P0794.jpg,neuro,neuro,neuro,0,0,1.0,1.0,0.0,0.0,0.0,0.0,1.0,1.0,1.0,1.0,2.779087781906128
P0591.jpg,fixgut,fixgut,fixgut,0,0,1.0,1.0,0.0,0.0,0.0,0.0,1.0,1.0,1.0,1.0,2.808896541595459
P0240.jpg,coralgue d,cevalgeu-d,algend,5,5,0.6,0.625,0.5,0.5,1.0,1.0,0.0,0.0,0.0,0.0,2.7814438343048096
P0425.jpg,nexum mups 20,nexe mups,nexe mups,5,5,0.7272727272727273,0.7272727272727273,0.38461538461538464,0.38461538461538464,0.6666666666666666,0.6666666666666666,0.0,0.0,0.0,0.0,2.771831512451172
P0212.jpg,zolfin,z0lfin,zolfin,1,0,0.8333333333333334,1.0,0.16666666666666666,0.0,1.0,0.0,0.0,1.0,1.0,1.0,2.793728828430176
P0480.jpg,nopxon,nopxon,nopxon,0,0,1.0,1.0,0.0,0.0,0.0,0.0,1.0,1.0,1.0,1.0,2.84503173828125
P0876.jpg,amitip,amitip,amitip,0,0,1.0,1.0,0.0,0.0,0.0,0.0,1.0,1.0,1.0,1.0,2.8162474632263184
P0145.jpg,xiva,xiva,xiva,0,0,1.0,1.0,0.0,0.0,0.0,0.0,1.0,1.0,1.0,1.0,2.7532787322998047
P0942.jpg,geolan,genton,geoton,3,2,0.6666666666666667,0.6666666666666667,0.5,0.3333333333333333,1.0,1.0,0.0,0.0,0.0,0.0,2.8412272930145264
P0585.jpg,mixit,mixit,mixit,0,0,1.0,1.0,0.0,0.0,0.0,0.0,1.0,1.0,1.0,1.0,2.7726972103118896
P0228.jpg,itokine,ttokiue,itokine,2,0,0.7142857142857143,1.0,0.2857142857142857,0.0,1.0,0.0,0.0,0.0,1.0,1.0,2.8260908126831055
P1032.jpg,don a,dona.,don a,2,0,0.8,1.0,0.4,0.0,1.0,0.0,0.0,1.0,1.0,1.0,2.774034261703491
P0630.jpg,dexter,dextre,dexter,2,0,0.8333333333333334,1.0,0.3333333333333333,0.0,1.0,0.0,0.0,1.0,1.0,1.0,2.756661891937256
P0600.jpg,disopan,disopan,disopan,0,0,1.0,1.0,0.0,0.0,0.0,0.0,1.0,1.0,1.0,1.0,2.759364604949951
P0966.jpg,malucan,motucan,malucan,2,0,0.7142857142857143,1.0,0.2857142857142857,0.0,1.0,0.0,0.0,0.0,1.0,1.0,2.72042179107666
P0178.jpg,coragen-d,0830d'1150,uliv150,10,9,0.10526315789473684,0.0,1.1111111111111112,1.0,1.0,1.0,0.0,0.0,0.0,0.0,2.747446298599243
P1078.jpg,neugalin,nampelin,amilin,4,5,0.625,0.5714285714285714,0.5,0.625,1.0,1.0,0.0,0.0,0.0,0.0,2.7480757236480713
P0583.jpg,tajenta,tajenta,tajenta,0,0,1.0,1.0,0.0,0.0,0.0,0.0,1.0,1.0,1.0,1.0,2.7278711795806885
P0136.jpg,napa one,renowix-il.,frenxil,10,8,0.21052631578947367,0.1333333333333333,1.25,1.0,1.0,1.0,0.0,0.0,0.0,0.0,2.782180070877075
P0598.jpg,fusid,fusid,fusid,0,0,1.0,1.0,0.0,0.0,0.0,0.0,1.0,1.0,1.0,1.0,2.7221596240997314
P1014.jpg,m-lucas,m-tulen,montene,4,6,0.4285714285714286,0.1428571428571429,0.5714285714285714,0.8571428571428571,1.0,1.0,0.0,0.0,0.0,0.0,2.753039598464966
P0486.jpg,prestel,prestel,prestel,0,0,1.0,1.0,0.0,0.0,0.0,0.0,1.0,1.0,1.0,1.0,2.7758593559265137
P1112.jpg,neurolin,newnoin so,nintoin sr,6,7,0.5555555555555556,0.4444444444444444,0.75,0.875,2.0,2.0,0.0,0.0,0.0,0.0,2.756251811981201
P0008.jpg,econate,econate,econate,0,0,1.0,1.0,0.0,0.0,0.0,0.0,1.0,1.0,1.0,1.0,2.7476985454559326
P0449.jpg,tigover,tigover,tigover,0,0,1.0,1.0,0.0,0.0,0.0,0.0,1.0,1.0,1.0,1.0,2.759434223175049
P0156.jpg,bilaxe,pulfilao,lnfilax,6,4,0.4285714285714286,0.6153846153846154,1.0,0.6666666666666666,1.0,1.0,0.0,0.0,0.0,0.0,2.727379560470581
P0808.jpg,folzin,folzin,folzin,0,0,1.0,1.0,0.0,0.0,0.0,0.0,1.0,1.0,1.0,1.0,2.9086694717407227
P0358.jpg,purtisol,purisal,purisal,2,2,0.8,0.8,0.25,0.25,1.0,1.0,0.0,1.0,0.0,1.0,2.8120553493499756
P0862.jpg,folzin,folzin,folzin,0,0,1.0,1.0,0.0,0.0,0.0,0.0,1.0,1.0,1.0,1.0,2.843573570251465
P0224.jpg,rivotril,rivoril,rivotril,1,0,0.9333333333333333,1.0,0.125,0.0,1.0,0.0,0.0,1.0,1.0,1.0,2.7903730869293213
P0330.jpg,tuspel,tuspel,tuspel,0,0,1.0,1.0,0.0,0.0,0.0,0.0,1.0,1.0,1.0,1.0,2.8916285037994385
P0603.jpg,estes 300,estes 300,estes 300,0,0,1.0,1.0,0.0,0.0,0.0,0.0,1.0,1.0,1.0,1.0,2.8507068157196045
P0458.jpg,xyflo,xyflo,xyflo,0,0,1.0,1.0,0.0,0.0,0.0,0.0,1.0,1.0,1.0,1.0,2.880176305770874
P0552.jpg,seko,jeko,seko,1,0,0.75,1.0,0.25,0.0,1.0,0.0,0.0,0.0,1.0,1.0,2.9421756267547607
P0946.jpg,naprox,nuproy,neuro,2,3,0.6666666666666667,0.5454545454545454,0.3333333333333333,0.5,1.0,1.0,0.0,0.0,0.0,0.0,2.930616617202759
P1111.jpg,bislol 5,coislots,nislofs,5,4,0.5,0.5333333333333333,0.625,0.5,1.0,1.0,0.0,0.0,0.0,0.0,2.9515323638916016
P0693.jpg,calbon,calboml,calbo,2,1,0.7692307692307692,0.9090909090909091,0.3333333333333333,0.16666666666666666,1.0,1.0,0.0,0.0,0.0,1.0,2.8817672729492188
P0761.jpg,calboral,calboral,calboral,0,0,1.0,1.0,0.0,0.0,0.0,0.0,1.0,1.0,1.0,1.0,2.8446154594421387
P0860.jpg,gestrenol,genrewl,geotrenol,4,1,0.625,0.8888888888888888,0.4444444444444444,0.1111111111111111,1.0,1.0,0.0,0.0,0.0,1.0,2.913111448287964
P0514.jpg,dexila,dexila,dexila,0,0,1.0,1.0,0.0,0.0,0.0,0.0,1.0,1.0,1.0,1.0,2.817291021347046
P0709.jpg,escilex,escilex,escilex,0,0,1.0,1.0,0.0,0.0,0.0,0.0,1.0,1.0,1.0,1.0,2.823076009750366
P1077.jpg,methomol,methomot,methomol,1,0,0.875,1.0,0.125,0.0,1.0,0.0,0.0,1.0,1.0,1.0,2.9353508949279785
P0696.jpg,arth,anh,nuhw,2,4,0.5714285714285714,0.25,0.5,1.0,1.0,1.0,0.0,0.0,0.0,0.0,2.880497694015503
P0567.jpg,lyric,lyric,lyric,0,0,1.0,1.0,0.0,0.0,0.0,0.0,1.0,1.0,1.0,1.0,2.8565704822540283
P0909.jpg,folzin,folzin,folzin,0,0,1.0,1.0,0.0,0.0,0.0,0.0,1.0,1.0,1.0,1.0,2.867037057876587
P1062.jpg,napro,nafro,napro,1,0,0.8,1.0,0.2,0.0,1.0,0.0,0.0,1.0,1.0,1.0,2.847972869873047
P0441.jpg,nexe,nexe,nexe,0,0,1.0,1.0,0.0,0.0,0.0,0.0,1.0,1.0,1.0,1.0,2.8626911640167236
P0715.jpg,rivarox,niarx,naprox,3,4,0.6666666666666667,0.6153846153846154,0.42857142857142855,0.5714285714285714,1.0,1.0,0.0,0.0,0.0,0.0,2.918490171432495
P0995.jpg,zithrox,zithrx,zithrox,1,0,0.9230769230769231,1.0,0.14285714285714285,0.0,1.0,0.0,0.0,1.0,1.0,1.0,2.926851511001587
P0817.jpg,folzin,folzin,folzin,0,0,1.0,1.0,0.0,0.0,0.0,0.0,1.0,1.0,1.0,1.0,2.9194600582122803
P0164.jpg,xyflo,20.mups,mups,7,5,0.0,0.0,1.4,1.0,1.0,1.0,0.0,0.0,0.0,0.0,2.9329380989074707
P0229.jpg,cinaron,cimoy,fimoxyl,4,6,0.5,0.2857142857142857,0.5714285714285714,0.8571428571428571,1.0,1.0,0.0,0.0,0.0,0.0,2.8882863521575928
P0515.jpg,atozen,atozen,atozen,0,0,1.0,1.0,0.0,0.0,0.0,0.0,1.0,1.0,1.0,1.0,2.949871301651001
P0890.jpg,calboral,calboral,calboral,0,0,1.0,1.0,0.0,0.0,0.0,0.0,1.0,1.0,1.0,1.0,2.896906614303589
P0213.jpg,beklo,be21o,beklo,2,0,0.6,1.0,0.4,0.0,1.0,0.0,0.0,0.0,1.0,1.0,2.8536832332611084
P0932.jpg,nexum,nexum,nexum,0,0,1.0,1.0,0.0,0.0,0.0,0.0,1.0,1.0,1.0,1.0,2.774545669555664
P0080.jpg,napa,napbas,napa,2,0,0.8,1.0,0.5,0.0,1.0,0.0,0.0,1.0,1.0,1.0,2.870448350906372
P0149.jpg,merthomol,metionol,retinol,3,5,0.7058823529411764,0.5,0.3333333333333333,0.5555555555555556,1.0,1.0,0.0,0.0,0.0,0.0,2.844973564147949
P0303.jpg,zolivox,zolivox,zolivox,0,0,1.0,1.0,0.0,0.0,0.0,0.0,1.0,1.0,1.0,1.0,2.7311174869537354
P1039.jpg,algin,orsin,norestin,3,6,0.4,0.3076923076923077,0.6,1.2,1.0,1.0,0.0,0.0,0.0,0.0,2.8298776149749756
P0637.jpg,methomol,nearoxew,newoxew,6,6,0.25,0.2666666666666667,0.75,0.75,1.0,1.0,0.0,0.0,0.0,0.0,2.778085470199585
P0616.jpg,deflacort,deflecr,deflacort,3,0,0.75,1.0,0.3333333333333333,0.0,1.0,0.0,0.0,0.0,1.0,1.0,2.7792532444000244
P0502.jpg,lactu,lactu,lactu,0,0,1.0,1.0,0.0,0.0,0.0,0.0,1.0,1.0,1.0,1.0,2.7521026134490967
P0044.jpg,doxycap,nilrofur,nitrofur,8,8,0.1333333333333333,0.1333333333333333,1.1428571428571428,1.1428571428571428,1.0,1.0,0.0,0.0,0.0,0.0,2.8096206188201904
P0617.jpg,estes 300,canbilid,cantilid,9,9,0.0,0.11764705882352944,1.0,1.0,1.0,1.0,0.0,0.0,0.0,0.0,2.7720859050750732
P0134.jpg,etorix,etorix,etorix,0,0,1.0,1.0,0.0,0.0,0.0,0.0,1.0,1.0,1.0,1.0,2.874206066131592
P0668.jpg,don a,hallalsy,arlila,7,5,0.15384615384615385,0.18181818181818177,1.4,1.0,1.0,1.0,0.0,0.0,0.0,0.0,2.8344669342041016
P0527.jpg,cidex,cidex,cidex,0,0,1.0,1.0,0.0,0.0,0.0,0.0,1.0,1.0,1.0,1.0,2.9413416385650635
P1075.jpg,calboral,calboml,calbo,2,3,0.8,0.7692307692307692,0.25,0.375,1.0,1.0,0.0,1.0,0.0,0.0,2.795905590057373
P0312.jpg,hemofir fz,hemofirf2,hemofir fz,2,0,0.8421052631578947,1.0,0.2,0.0,1.0,0.0,0.0,1.0,1.0,1.0,2.795025110244751
P0409.jpg,montelon,montelon,montelon,0,0,1.0,1.0,0.0,0.0,0.0,0.0,1.0,1.0,1.0,1.0,2.8112823963165283
P0579.jpg,nexe,nexe,nexe,0,0,1.0,1.0,0.0,0.0,0.0,0.0,1.0,1.0,1.0,1.0,2.8577475547790527
P0747.jpg,esprazo,esprazo,esprazo,0,0,1.0,1.0,0.0,0.0,0.0,0.0,1.0,1.0,1.0,1.0,2.842374563217163
P0651.jpg,cildip,cruw.,crp,5,4,0.18181818181818177,0.4444444444444444,0.8333333333333334,0.6666666666666666,1.0,1.0,0.0,0.0,0.0,0.0,2.8185760974884033
P0957.jpg,nystat,nystzt,nystat,1,0,0.8333333333333334,1.0,0.16666666666666666,0.0,1.0,0.0,0.0,1.0,1.0,1.0,2.819688320159912
P0998.jpg,neuroxen,newmoxew,newoxew,3,3,0.625,0.6666666666666667,0.375,0.375,1.0,1.0,0.0,0.0,0.0,0.0,2.8064064979553223
P0917.jpg,naprox,vaprop,napro,2,1,0.6666666666666667,0.9090909090909091,0.3333333333333333,0.16666666666666666,1.0,1.0,0.0,0.0,0.0,1.0,2.8974034786224365
P0001.jpg,nexcital,nexcitul,nexcital,1,0,0.875,1.0,0.125,0.0,1.0,0.0,0.0,1.0,1.0,1.0,2.903421640396118
P0423.jpg,itokine,itokiue,itokine,1,0,0.8571428571428572,1.0,0.14285714285714285,0.0,1.0,0.0,0.0,1.0,1.0,1.0,2.9058430194854736
P0361.jpg,loxodol,loxodol,loxodol,0,0,1.0,1.0,0.0,0.0,0.0,0.0,1.0,1.0,1.0,1.0,2.8655903339385986
P0383.jpg,montelon,montelon,montelon,0,0,1.0,1.0,0.0,0.0,0.0,0.0,1.0,1.0,1.0,1.0,2.8655169010162354
P0317.jpg,esohil,esohil,esohil,0,0,1.0,1.0,0.0,0.0,0.0,0.0,1.0,1.0,1.0,1.0,2.897434711456299
P1015.jpg,ginoba,ginoba,ginoba,0,0,1.0,1.0,0.0,0.0,0.0,0.0,1.0,1.0,1.0,1.0,2.867361068725586
P0476.jpg,bilaxe,bilaxe,bilaxe,0,0,1.0,1.0,0.0,0.0,0.0,0.0,1.0,1.0,1.0,1.0,2.8741838932037354
P0863.jpg,nexum,nexum,nexum,0,0,1.0,1.0,0.0,0.0,0.0,0.0,1.0,1.0,1.0,1.0,2.8313755989074707
P0934.jpg,bukof,barbolt,barbit,5,5,0.33333333333333337,0.18181818181818177,1.0,1.0,1.0,1.0,0.0,0.0,0.0,0.0,2.8106303215026855
P0804.jpg,neuro,neuro,neuro,0,0,1.0,1.0,0.0,0.0,0.0,0.0,1.0,1.0,1.0,1.0,2.8202054500579834
P0644.jpg,don a,dora.,adora,3,3,0.6,0.6,0.6,0.6,1.0,1.0,0.0,0.0,0.0,0.0,2.8042685985565186
P1076.jpg,mig,mig,mig,0,0,1.0,1.0,0.0,0.0,0.0,0.0,1.0,1.0,1.0,1.0,2.80073618888855
